{"cameraMode":{"drawMode":0,"name":"Shaded","section":"Shading Mode"},"sceneLighting":false,"audioPlay":false,"sceneViewState":{"m_AlwaysRefresh":false,"showFog":true,"showSkybox":false,"showFlares":true,"showImageEffects":true,"showParticleSystems":true,"showVisualEffectGraphs":true,"m_FxEnabled":true},"in2DMode":false,"pivot":{"x":-0.4656018316745758,"y":2.3966314792633058,"z":-1.2658662796020508},"rotation":{"x":0.17816241085529328,"y":0.16874796152114869,"z":-0.031052304431796075,"w":0.9689249396324158},"size":1.6667084693908692,"orthographic":false}